{
    "best_solution": {
        "G1": {
            "node_resource_demand_01": 6.442687747035572
        },
        "G2": {
            "node_resource_demand_01": 4.83201581027668
        },
        "G3": {
            "node_resource_demand_01": 4.83201581027668
        },
        "G15": {},
        "G16": {},
        "G4": {
            "node_resource_demand_01": 3.221343873517786
        },
        "G5": {
            "node_resource_demand_01": 4.83201581027668
        },
        "G6": {
            "node_resource_demand_01": 4.83201581027668
        },
        "G7": {
            "node_resource_demand_01": 4.83201581027668
        },
        "G8": {
            "node_resource_demand_01": 6.442687747035572
        },
        "G9": {
            "node_resource_demand_01": 3.221343873517786
        },
        "G10": {
            "node_resource_demand_01": 8.053359683794467
        },
        "G11": {
            "node_resource_demand_01": 4.83201581027668
        },
        "G12": {
            "node_resource_demand_01": 8.053359683794467
        },
        "G13": {
            "node_resource_demand_01": 3.221343873517786
        },
        "G14": {
            "node_resource_demand_01": 6.442687747035572
        },
        "P1": {
            "node_resource_demand_01": 9.090909090909092,
            "node_resource_demand_02": 9.090909090909092
        },
        "P2": {
            "node_resource_demand_01": 9.090909090909092,
            "node_resource_demand_02": 9.090909090909092
        },
        "P3": {},
        "P4": {},
        "P5": {
            "node_resource_demand_01": 10.909090909090908,
            "node_resource_demand_02": 10.909090909090908
        },
        "P6": {
            "node_resource_demand_01": 10.909090909090908,
            "node_resource_demand_02": 10.909090909090908
        },
        "P7": {
            "node_resource_demand_01": 14.545454545454545,
            "node_resource_demand_02": 14.545454545454545
        },
        "P8": {},
        "P9": {},
        "P46": {},
        "P47": {},
        "P48": {},
        "P49": {},
        "P50": {
            "node_resource_demand_01": 7.2727272727272725
        },
        "P51": {
            "node_resource_demand_01": 7.2727272727272725
        },
        "P52": {
            "node_resource_demand_01": 7.2727272727272725
        },
        "P53": {
            "node_resource_demand_01": 5.454545454545454
        },
        "P54": {
            "node_resource_demand_01": 7.2727272727272725
        },
        "P55": {
            "node_resource_demand_01": 12.727272727272727
        },
        "P56": {
            "node_resource_demand_01": 9.090909090909092
        },
        "P57": {
            "node_resource_demand_01": 7.2727272727272725
        },
        "P58": {
            "node_resource_demand_01": 3.6363636363636362
        },
        "P59": {
            "node_resource_demand_01": 7.2727272727272725
        },
        "P60": {
            "node_resource_demand_01": 7.2727272727272725
        },
        "P61": {
            "node_resource_demand_01": 7.2727272727272725
        },
        "P62": {
            "node_resource_demand_01": 7.2727272727272725
        },
        "P63": {
            "node_resource_demand_01": 7.2727272727272725
        },
        "P10": {},
        "P11": {},
        "P12": {},
        "P13": {},
        "P14": {},
        "P15": {},
        "P16": {},
        "P17": {},
        "P18": {},
        "P19": {},
        "P20": {},
        "P21": {},
        "P22": {},
        "P23": {},
        "P24": {},
        "P25": {},
        "P26": {},
        "P27": {},
        "P28": {},
        "P29": {},
        "P30": {},
        "P31": {},
        "P32": {},
        "P33": {},
        "P34": {},
        "P35": {},
        "P36": {},
        "P37": {},
        "P38": {},
        "P39": {},
        "P40": {},
        "P41": {},
        "P42": {},
        "P43": {},
        "P44": {},
        "P45": {},
        "W1": {
            "node_resource_demand_01": 7.288537549407114
        },
        "W7": {
            "node_resource_demand_01": 7.288537549407114
        },
        "W10": {
            "node_resource_demand_01": 9.110671936758893
        },
        "W13": {
            "node_resource_demand_01": 5.466403162055336
        },
        "W2": {
            "node_resource_demand_01": 7.288537549407114
        },
        "W3": {
            "node_resource_demand_01": 7.288537549407114
        },
        "W4": {
            "node_resource_demand_01": 10.932806324110672
        },
        "W5": {
            "node_resource_demand_01": 9.110671936758893
        },
        "W6": {
            "node_resource_demand_01": 10
        },
        "W8": {
            "node_resource_demand_01": 9.110671936758893
        },
        "W9": {
            "node_resource_demand_01": 10.932806324110672
        },
        "W11": {
            "node_resource_demand_01": 10.932806324110672
        },
        "W12": {
            "node_resource_demand_01": 7.288537549407114
        },
        "W14": {
            "node_resource_demand_01": 9.110671936758893
        },
        "W15": {
            "node_resource_demand_01": 7.288537549407114
        },
        "W16": {
            "node_resource_demand_01": 7.288537549407114
        },
        "W17": {
            "node_resource_demand_01": 3.644268774703557
        },
        "W18": {
            "node_resource_demand_01": 4
        },
        "W19": {
            "node_resource_demand_01": 7.288537549407114
        },
        "W20": {
            "node_resource_demand_01": 9.110671936758893
        },
        "W21": {
            "node_resource_demand_01": 5.466403162055336
        },
        "W22": {
            "node_resource_demand_01": 5.466403162055336
        },
        "W23": {
            "node_resource_demand_01": 7.288537549407114
        },
        "W24": {
            "node_resource_demand_01": 5.466403162055336
        },
        "W25": {
            "node_resource_demand_01": 7.288537549407114
        },
        "W26": {
            "node_resource_demand_01": 9.110671936758893
        },
        "W27": {
            "node_resource_demand_01": 7.288537549407114
        },
        "W28": {
            "node_resource_demand_01": 7.288537549407114
        },
        "W29": {
            "node_resource_demand_01": 7.288537549407114
        },
        "W30": {
            "node_resource_demand_01": 9.110671936758893
        },
        "W31": {
            "node_resource_demand_01": 9.110671936758893
        },
        "W32": {
            "node_resource_demand_01": 7.288537549407114
        },
        "W33": {
            "node_resource_demand_01": 7.288537549407114
        },
        "W34": {
            "node_resource_demand_01": 7.288537549407114
        },
        "W35": {
            "node_resource_demand_01": 5.466403162055336
        },
        "W36": {
            "node_resource_demand_01": 3.644268774703557
        },
        "W37": {
            "node_resource_demand_01": 7.288537549407114
        },
        "W38": {
            "node_resource_demand_01": 5.466403162055336
        },
        "W39": {
            "node_resource_demand_01": 7.288537549407114
        },
        "W40": {
            "node_resource_demand_01": 3.644268774703557
        },
        "W41": {
            "node_resource_demand_01": 7.288537549407114
        },
        "W42": {
            "node_resource_demand_01": 3.644268774703557
        },
        "W43": {
            "node_resource_demand_01": 7.288537549407114
        },
        "W44": {
            "node_resource_demand_01": 5.466403162055336
        },